Watchtower ID,Postcode,Population Served,Watchtower Point of Contact Name,x,y
WT3305TLQLM,3305,3204,Randall Ruffner,141.38702436846057,-38.063546792527006
WT3500QYTWN,3500,8184,Gerald Bolyard,142.16477645284297,-34.24934780387183
WT3551OSDGB,3551,5913,Dario Miller,143.96122388612906,-36.661100832015194
WT3551HZNZJ,3551,5913,Philip Whiteside,144.47967781227192,-36.72005122642794