Watchtower ID,Postcode,Population Served,Watchtower Point of Contact Name,x,y
WT3953SGAEI,3953,1571,Ofelia Kadlec,145.77800174296402,-38.55984015166651
WT3765SHSPB,3765,3380,Eilene Horner,145.36201379669092,-37.81894302945288
WT3530RJWDT,3530,63,Troy Clark,143.0834668479817,-35.79299394885817
WT3701KWYIQ,3701,269,Martha Moore,147.39302957919313,-36.254894160169314
