Watchtower ID,Postcode,Population Served,Watchtower Point of Contact Name,x,y
WT3407PYOAR,3407,420,Gale Martin,141.83324586447986,-37.2859635851256
WT3266OQUZV,3266,3067,Jack Wilcoxen,143.24967426940597,-38.463018360522085
WT3523CQSWP,3523,905,Mark Seller,144.72894916684078,-37.00934236074207